monitor,pollutant,slope,intercept,r2,rmse,n_points,method,reference_monitor,colocation_start,colocation_end,fitted_on,window_name
MOD-00397,pm25,0.8884998262097705,2.4524836501479275,0.6454741155023695,8.005126647927677,39332,fleet_avg,NA,2023-08-16T00:00:00Z,2023-09-20T00:00:00Z,2025-10-12,window1
MOD-00398,pm25,1.031115524472359,0.4688133261546475,0.9377495368613908,3.3622713355734786,35049,fleet_avg,NA,2023-08-16T00:00:00Z,2023-09-20T00:00:00Z,2025-10-12,window1
MOD-00399,pm25,1.1196951156300672,-0.01047867593816345,0.9802128087891616,1.5507738520391854,36209,fleet_avg,NA,2023-08-16T00:00:00Z,2023-09-20T00:00:00Z,2025-10-12,window1
MOD-00400,pm25,1.0680761240626615,-0.33099208615034603,0.9755892630780312,2.0107667837863907,29331,fleet_avg,NA,2023-08-16T00:00:00Z,2023-09-20T00:00:00Z,2025-10-12,window1
MOD-00401,pm25,1.074528741821104,0.6719675100441069,0.96904727883621955,2.2545916790386644,33055,fleet_avg,NA,2023-08-16T00:00:00Z,2023-09-20T00:00:00Z,2025-10-12,window1
MOD-PM-00876,pm25,1.0204301654400665,-0.5025143318038072,0.9523401902368231,2.79477926692577,26060,fleet_avg,NA,2023-08-16T00:00:00Z,2023-09-20T00:00:00Z,2025-10-12,window1
MOD-PM-00877,pm25,1.0146137066406764,0.00602628777772338,0.9742498151913208,1.68878624484621,29114,fleet_avg,NA,2023-08-16T00:00:00Z,2023-09-20T00:00:00Z,2025-10-12,window1
MOD-PM-00878,pm25,1.073423059957732,-0.11468123058193176,0.955913116227998,2.454192124530018,16678,fleet_avg,NA,2023-08-16T00:00:00Z,2023-09-20T00:00:00Z,2025-10-12,window1
MOD-PM-00879,pm25,1.0529244405463616,-0.10558745434085128,0.9714231571499212,1.8087720536608225,26967,fleet_avg,NA,2023-08-16T00:00:00Z,2023-09-20T00:00:00Z,2025-10-12,window1
MOD-PM-00880,pm25,0.998368943932666,-0.5973328081067106,0.935253547485204,3.390536458333856,18546,fleet_avg,NA,2023-08-16T00:00:00Z,2023-09-20T00:00:00Z,2025-10-12,window1
MOD-PM-00881,pm25,0.9417875254571988,0.4544770676220389,0.964143183735156,1.8629208887766493,29574,fleet_avg,NA,2023-08-16T00:00:00Z,2023-09-20T00:00:00Z,2025-10-12,window1
MOD-PM-00882,pm25,1.061727644209669,0.0728555884920354,0.9847791732989328,1.2765254838715816,36232,fleet_avg,NA,2023-08-16T00:00:00Z,2023-09-20T00:00:00Z,2025-10-12,window1
MOD-PM-00883,pm25,0.9201088881327304,0.00295277266119377,0.9744784758751392,1.6742878518278543,33133,fleet_avg,NA,2023-08-16T00:00:00Z,2023-09-20T00:00:00Z,2025-10-12,window1
MOD-PM-00884,pm25,0.8173103657393651,0.7404162848033953,0.924774529865621,2.85720240767388,34109,fleet_avg,NA,2023-08-16T00:00:00Z,2023-09-20T00:00:00Z,2025-10-12,window1
MOD-PM-00885,pm25,1.0322227988584094,-0.742545399814989,0.9590789368685174,2.5930192535892025,24391,fleet_avg,NA,2023-08-16T00:00:00Z,2023-09-20T00:00:00Z,2025-10-12,window1
MOD-PM-00886,pm25,0.8953584777747228,-0.58135839145504975,0.9681963802515046,1.9041280519426649,28123,fleet_avg,NA,2023-08-16T00:00:00Z,2023-09-20T00:00:00Z,2025-10-12,window1
MOD-PM-00887,pm25,0.9774154781733494,0.26145444900731823,0.9716730706985623,1.7340403154934163,29310,fleet_avg,NA,2023-08-16T00:00:00Z,2023-09-20T00:00:00Z,2025-10-12,window1
MOD-PM-00888,pm25,0.9262473060685592,0.09583043190627318,0.9519494918106388,2.272601451033914,17745,fleet_avg,NA,2023-08-16T00:00:00Z,2023-09-20T00:00:00Z,2025-10-12,window1
MOD-PM-00889,pm25,0.8972143451913542,0.13197978327198004,0.9854833411097832,1.1067564299036583,21752,fleet_avg,NA,2023-08-16T00:00:00Z,2023-09-20T00:00:00Z,2025-10-12,window1
MOD-PM-00890,pm25,0.9419090249522638,-0.39901822631107287,0.9788937991750916,1.3014739783601752,33349,fleet_avg,NA,2023-08-16T00:00:00Z,2023-09-20T00:00:00Z,2025-10-12,window1
MOD-PM-00891,pm25,1.005084753498371,-0.3176259358793213,0.968309375707904,2.0531872385095227,43480,fleet_avg,NA,2023-08-16T00:00:00Z,2023-09-20T00:00:00Z,2025-10-12,window1
MOD-PM-00892,pm25,0.9654165728884072,-0.2475508588482956,0.9636101037910751,1.316793282191588,7672,fleet_avg,NA,2023-08-16T00:00:00Z,2023-09-20T00:00:00Z,2025-10-12,window1
MOD-PM-00893,pm25,1.0347657105645056,4.7928794755862266e-4,0.9642819517628348,1.8521695653163384,21713,fleet_avg,NA,2023-08-16T00:00:00Z,2023-09-20T00:00:00Z,2025-10-12,window1
MOD-PM-00894,pm25,0.9982489197442596,-0.9316667770989662,0.971245145259608,2.0309882336816423,36786,fleet_avg,NA,2023-08-16T00:00:00Z,2023-09-20T00:00:00Z,2025-10-12,window1
MOD-PM-00895,pm25,0.9104233218432572,0.23448889381198348,0.9751708824010832,1.1763658078378312,16041,fleet_avg,NA,2023-08-16T00:00:00Z,2023-09-20T00:00:00Z,2025-10-12,window1
MOD-PM-00896,pm25,0.9275031058224846,-0.949115064896096,0.9720181639166086,1.8531953417606728,37800,fleet_avg,NA,2023-08-16T00:00:00Z,2023-09-20T00:00:00Z,2025-10-12,window1
MOD-PM-00897,pm25,1.0309747566703855,-0.34272255875704616,0.9671399317252426,2.090926972347224,27553,fleet_avg,NA,2023-08-16T00:00:00Z,2023-09-20T00:00:00Z,2025-10-12,window1
MOD-PM-00898,pm25,0.9178765948074222,0.42673625387194225,0.9520770935429604,2.472580963537261,30568,fleet_avg,NA,2023-08-16T00:00:00Z,2023-09-20T00:00:00Z,2025-10-12,window1
MOD-PM-00899,pm25,1.0118703368308657,-1.1034739954386037,0.9617716961351764,2.391532087489222,39575,fleet_avg,NA,2023-08-16T00:00:00Z,2023-09-20T00:00:00Z,2025-10-12,window1
MOD-PM-00900,pm25,0.9120710128988586,0.1568884136386327,0.9574184976523296,2.1142769250660445,33902,fleet_avg,NA,2023-08-16T00:00:00Z,2023-09-20T00:00:00Z,2025-10-12,window1
MOD-PM-01051,pm25,1.1238783216117871,-0.7455375707231341,0.9672460440216566,1.908161153351131,32750,fleet_avg,NA,2023-08-16T00:00:00Z,2023-09-20T00:00:00Z,2025-10-12,window1
MOD-PM-01052,pm25,1.0726721431231836,0.05485287510043304,0.9853357471456208,1.3806647390893354,20560,fleet_avg,NA,2023-08-16T00:00:00Z,2023-09-20T00:00:00Z,2025-10-12,window1
MOD-PM-01053,pm25,1.1631922301600166,-0.1429972661773788,0.9817867675694864,1.531593014541499,22312,fleet_avg,NA,2023-08-16T00:00:00Z,2023-09-20T00:00:00Z,2025-10-12,window1
MOD-PM-01054,pm25,1.0271982224016325,-0.02119572132847647,0.978535096796478,1.5001497664728358,15779,fleet_avg,NA,2023-08-16T00:00:00Z,2023-09-20T00:00:00Z,2025-10-12,window1
MOD-PM-01055,pm25,1.067560892898037,-1.173038148820729,0.964639355488402,2.6295071149899845,21585,fleet_avg,NA,2023-08-16T00:00:00Z,2023-09-20T00:00:00Z,2025-10-12,window1
MOD-PM-01056,pm25,1.0509391635464265,-0.05192802900457159,0.9841719282767428,1.2562685455510512,31902,fleet_avg,NA,2023-08-16T00:00:00Z,2023-09-20T00:00:00Z,2025-10-12,window1
MOD-PM-01057,pm25,1.0582376778552518,-0.0910481173616424,0.9801777598011724,1.899922459665541,29603,fleet_avg,NA,2023-08-16T00:00:00Z,2023-09-20T00:00:00Z,2025-10-12,window1
MOD-PM-01058,pm25,1.1100423766386298,0.5648755813959031,0.9821125816107578,1.4009402109766007,15700,fleet_avg,NA,2023-08-16T00:00:00Z,2023-09-20T00:00:00Z,2025-10-12,window1
MOD-PM-01059,pm25,1.0663073357879942,0.07470885662534672,0.9300333773975428,3.2384711929714936,35093,fleet_avg,NA,2023-08-16T00:00:00Z,2023-09-20T00:00:00Z,2025-10-12,window1
MOD-PM-01060,pm25,1.092343422314305,-0.09759537218203786,0.9834452928926408,1.4898892407013768,25438,fleet_avg,NA,2023-08-16T00:00:00Z,2023-09-20T00:00:00Z,2025-10-12,window1
MOD-PM-00871,pm25,0.9167436662676208,8.858334178818748,0.9428141967381476,13.935950182284252,26341,coloc_vs_corrected_ref,MOD-PM-00884,2024-12-16T00:00:00Z,2025-01-25T00:00:00Z,2025-10-14,window2_new_monitors
MOD-PM-01072,pm25,0.8569061909588599,13.148991810287946,0.7853098699365116,26.70141473970896,30138,coloc_vs_corrected_ref,MOD-PM-00884,2024-12-16T00:00:00Z,2025-01-25T00:00:00Z,2025-10-14,window2_new_monitors
MOD-PM-01073,pm25,0.7835053997119175,10.276558906000828,0.7774359929558364,26.02546662721793,26730,coloc_vs_corrected_ref,MOD-PM-00884,2024-12-16T00:00:00Z,2025-01-25T00:00:00Z,2025-10-14,window2_new_monitors
MOD-PM-01074,pm25,0.8156614162889371,8.534231786129903,0.9305995388006736,13.265656762830467,53676,coloc_vs_corrected_ref,MOD-PM-00884,2024-12-16T00:00:00Z,2025-01-25T00:00:00Z,2025-10-14,window2_new_monitors
MOD-PM-01075,pm25,0.8552474485375421,8.820334642280068,0.8744077095665145,19.7760558579347,26239,coloc_vs_corrected_ref,MOD-PM-00884,2024-12-16T00:00:00Z,2025-01-25T00:00:00Z,2025-10-14,window2_new_monitors
MOD-PM-01076,pm25,0.8967144335207181,8.979495030942427,0.8858333630028337,18.04453820506974,30814,coloc_vs_corrected_ref,MOD-PM-00884,2024-12-16T00:00:00Z,2025-01-25T00:00:00Z,2025-10-14,window2_new_monitors
MOD-PM-01077,pm25,0.9265645211028412,15.246314152686974,0.9247344426828144,15.120764791829826,44934,coloc_vs_corrected_ref,MOD-PM-00884,2024-12-16T00:00:00Z,2025-01-25T00:00:00Z,2025-10-14,window2_new_monitors
MOD-PM-01078,pm25,0.7723502700261416,12.197165862423244,0.8978789904029675,15.217665144841718,52931,coloc_vs_corrected_ref,MOD-PM-00884,2024-12-16T00:00:00Z,2025-01-25T00:00:00Z,2025-10-14,window2_new_monitors
MOD-PM-01079,pm25,0.8227669907751155,15.160582923976378,0.9013267389400648,16.333538793428364,49119,coloc_vs_corrected_ref,MOD-PM-00884,2024-12-16T00:00:00Z,2025-01-25T00:00:00Z,2025-10-14,window2_new_monitors
MOD-PM-01082,pm25,0.800755617482084,6.388360359327982,0.8894660096293279,17.219767323693137,29859,coloc_vs_corrected_ref,MOD-PM-00884,2024-12-16T00:00:00Z,2025-01-25T00:00:00Z,2025-10-14,window2_new_monitors
MOD-PM-01083,pm25,0.797045041674118,12.077876388216067,0.9202900458989004,13.907683450430886,52977,coloc_vs_corrected_ref,MOD-PM-00884,2024-12-16T00:00:00Z,2025-01-25T00:00:00Z,2025-10-14,window2_new_monitors
MOD-PM-01084,pm25,0.7978927582517867,9.969190758176577,0.910294085435281,14.021251744688852,33568,coloc_vs_corrected_ref,MOD-PM-00884,2024-12-16T00:00:00Z,2025-01-25T00:00:00Z,2025-10-14,window2_new_monitors
MOD-PM-01085,pm25,0.8190552916161511,13.995693525540728,0.903846891118146,15.834074882078,52919,coloc_vs_corrected_ref,MOD-PM-00884,2024-12-16T00:00:00Z,2025-01-25T00:00:00Z,2025-10-14,window2_new_monitors
MOD-PM-01086,pm25,0.7914101153269985,13.463661259697238,0.8660002086189664,18.50228652451632,52736,coloc_vs_corrected_ref,MOD-PM-00884,2024-12-16T00:00:00Z,2025-01-25T00:00:00Z,2025-10-14,window2_new_monitors
MOD-PM-01087,pm25,0.7814734299015803,9.390312631302878,0.9240520579100994,13.566144772577154,47121,coloc_vs_corrected_ref,MOD-PM-00884,2024-12-16T00:00:00Z,2025-01-25T00:00:00Z,2025-10-14,window2_new_monitors
MOD-PM-01088,pm25,0.8456272201249924,11.709365741849888,0.9109292312720352,16.161698066060683,40422,coloc_vs_corrected_ref,MOD-PM-00884,2024-12-16T00:00:00Z,2025-01-25T00:00:00Z,2025-10-14,window2_new_monitors
MOD-PM-01089,pm25,0.789162302503656,13.450920419363964,0.872372721502506,17.976299288307708,53792,coloc_vs_corrected_ref,MOD-PM-00884,2024-12-16T00:00:00Z,2025-01-25T00:00:00Z,2025-10-14,window2_new_monitors
MOD-PM-01090,pm25,0.8258279583967876,15.212537326347318,0.9023866918580314,16.293933752463754,46928,coloc_vs_corrected_ref,MOD-PM-00884,2024-12-16T00:00:00Z,2025-01-25T00:00:00Z,2025-10-14,window2_new_monitors
MOD-PM-01092,pm25,0.7336630326948989,14.211566375528784,0.8354899758522483,18.61400592519429,50327,coloc_vs_corrected_ref,MOD-PM-00884,2024-12-16T00:00:00Z,2025-01-25T00:00:00Z,2025-10-14,window2_new_monitors
MOD-PM-00871,pm25,1.0597799343589072,-0.9226022742318051,0.9710521190681141,9.835607035034029,27296,fleet_avg,NA,2024-12-16T00:00:00Z,2025-01-25T00:00:00Z,2025-12-15,window2_new_monitors
MOD-PM-01072,pm25,1.0449553712630832,-5.759673267535881,0.9369092172868931,14.302500061287047,30941,fleet_avg,NA,2024-12-16T00:00:00Z,2025-01-25T00:00:00Z,2025-12-15,window2_new_monitors
MOD-PM-01073,pm25,0.9372482009477511,-2.74013828371961,0.8380298567031235,22.229091554773063,26976,fleet_avg,NA,2024-12-16T00:00:00Z,2025-01-25T00:00:00Z,2025-12-15,window2_new_monitors
MOD-PM-01074,pm25,0.9424910399863797,-3.6094869865979127,0.9504226554407716,11.072145457209642,55990,fleet_avg,NA,2024-12-16T00:00:00Z,2025-01-25T00:00:00Z,2025-12-15,window2_new_monitors
MOD-PM-01075,pm25,1.0105832743473409,-4.656736779941878,0.9646818842694121,10.428451636216726,26267,fleet_avg,NA,2024-12-16T00:00:00Z,2025-01-25T00:00:00Z,2025-12-15,window2_new_monitors
MOD-PM-01076,pm25,1.0257554552007824,-2.6438210004898557,0.9423961198756856,12.647024443682362,31923,fleet_avg,NA,2024-12-16T00:00:00Z,2025-01-25T00:00:00Z,2025-12-15,window2_new_monitors
MOD-PM-01077,pm25,1.079010012411629,2.5315344559475146,0.9530838781163696,11.770896416000477,47234,fleet_avg,NA,2024-12-16T00:00:00Z,2025-01-25T00:00:00Z,2025-12-15,window2_new_monitors
MOD-PM-01078,pm25,0.9138139028862247,-1.0178985002554342,0.9590779327383001,9.48081807065253,55116,fleet_avg,NA,2024-12-16T00:00:00Z,2025-01-25T00:00:00Z,2025-12-15,window2_new_monitors
MOD-PM-01079,pm25,0.9850828078427503,-1.9131061489400818,0.9614494330845573,10.104213138790572,51098,fleet_avg,NA,2024-12-16T00:00:00Z,2025-01-25T00:00:00Z,2025-12-15,window2_new_monitors
MOD-PM-01082,pm25,0.957675081177756,-6.319264067246913,0.9746929609088548,8.160217293967369,30915,fleet_avg,NA,2024-12-16T00:00:00Z,2025-01-25T00:00:00Z,2025-12-15,window2_new_monitors
MOD-PM-01083,pm25,0.9318284996528048,-0.8774515501864126,0.9638529191186164,9.265106240426281,55132,fleet_avg,NA,2024-12-16T00:00:00Z,2025-01-25T00:00:00Z,2025-12-15,window2_new_monitors
MOD-PM-01084,pm25,0.9267583389593682,-0.973035064461762,0.9649147220746003,8.669838051399836,34853,fleet_avg,NA,2024-12-16T00:00:00Z,2025-01-25T00:00:00Z,2025-12-15,window2_new_monitors
MOD-PM-01085,pm25,0.9694757203260568,-0.5862660093562103,0.9712253265236395,8.56507341133978,55444,fleet_avg,NA,2024-12-16T00:00:00Z,2025-01-25T00:00:00Z,2025-12-15,window2_new_monitors
MOD-PM-01086,pm25,0.9573325854108521,-2.7954879244912862,0.9664246766277028,9.173312291267523,54808,fleet_avg,NA,2024-12-16T00:00:00Z,2025-01-25T00:00:00Z,2025-12-15,window2_new_monitors
MOD-PM-01087,pm25,0.9143128377944745,-3.5730453698631637,0.9579348628085503,10.01653467440951,48148,fleet_avg,NA,2024-12-16T00:00:00Z,2025-01-25T00:00:00Z,2025-12-15,window2_new_monitors
MOD-PM-01088,pm25,1.0195383942044955,-3.8237804276105263,0.9737751908997913,8.688151110913163,42349,fleet_avg,NA,2024-12-16T00:00:00Z,2025-01-25T00:00:00Z,2025-12-15,window2_new_monitors
MOD-PM-01089,pm25,0.949557122277811,-2.046024869125393,0.970078497983385,8.584894522324532,56126,fleet_avg,NA,2024-12-16T00:00:00Z,2025-01-25T00:00:00Z,2025-12-15,window2_new_monitors
MOD-PM-01090,pm25,1.0008391545202153,1.3055246760834398,0.9672471745703929,9.343039768336322,48901,fleet_avg,NA,2024-12-16T00:00:00Z,2025-01-25T00:00:00Z,2025-12-15,window2_new_monitors
MOD-PM-01092,pm25,0.8888076958845059,-0.02696659417424065,0.9401581281725276,11.049946894196795,52658,fleet_avg,NA,2024-12-16T00:00:00Z,2025-01-25T00:00:00Z,2025-12-15,window2_new_monitors
MOD-PM-01093,pm25,1.306965963280842,8.431927790529357,0.5030623550691857,55.70713496690691,12208,fleet_avg,NA,2024-12-16T00:00:00Z,2025-01-25T00:00:00Z,2025-12-15,window2_new_monitors
